date,pond,Depth,Temp_C,DO_Percent,DO_mgL,Conductivity,chloride_mgL,sulfate_mgL,avsnow,totice,blackice,whiteice,secchi,TSS_gL,POM_gL,OM_perc,chla,CO2_mean,CH4_mean,N2O_mean,CO2_sd,CH4_sd,N2O_sd,max_depth,Bottom_DO_perc
2021-06-08,ALC,0,24.2,64.2,5.42,1349,361.46,1.99,NA,NA,NA,NA,0.75,0.0069,0.004,56.14,13.4,-0.6493333333333333,4.83,0.00563333333333333,0.33014592733113235,0.8983874442577655,3.323151115031235e-4,0.79,28
2021-06-15,ALC,0,27.1,162.4,12.95,1625,386.05,1.83,NA,NA,NA,NA,0.525,0.0129,0.009,72.92,25.3,0.18366666666666664,2.0166666666666666,0.00820333333333333,0.9164934987949088,0.43821608064211126,3.4530180036213714e-4,0.79,42.8
2021-07-02,ALC,0,24.1,57.9,1.86,681,149.21,2.14,NA,NA,NA,NA,0.45,0.017,0.013,76.47,36,NA,NA,NA,NA,NA,NA,NA,3.8
2021-07-08,ALC,0,21.4,136.5,12.07,843,NA,NA,NA,NA,NA,NA,0.575,NA,NA,NA,NA,NA,NA,NA,NA,NA,NA,NA,36.5
2021-07-21,ALC,0,22.1,41.7,3.64,708,142.74,2.31,NA,NA,NA,NA,0.525,0.0187,0.013,69.05,40.2,82.06666666666666,11.183333333333334,0.00746666666666666,21.900076103368527,4.425023540427026,2.750151510977774e-4,0.79,2
2021-07-27,ALC,0,22.8,41.2,3.55,850,142.74,2.31,NA,NA,NA,NA,0.29,0.0159,0.01,62.22,40,NA,NA,NA,NA,NA,NA,NA,17.4
2021-08-03,ALC,0,20.3,33.2,3.02,849,190.63,1.66,NA,NA,NA,NA,0.375,0.0225,0.017,77.5,106.7,NA,NA,NA,NA,NA,NA,NA,42.5
2022-01-13,ALC,0,0.8,47.7,6.76,1252,298.58,7.73,1.41,21,19,2,0.8,0.0034,0.002,68.18,2.3,199.33333333333337,10.966666666666669,0.0192,4.041451884327384,0.41633319989322704,1.999999999999985e-4,0.79,46.9
2022-01-27,ALC,0,0.7,23.1,3.31,1454,384.66,7.32,4.5,30.5,23.5,7,0.4,0.01,0.009,89.47,32.6,446.6666666666667,7.076666666666667,0.00768,6.429100507328618,0.17039170558842728,7.184010022264726e-4,0.79,2.4
2022-02-09,ALC,0,0.5,8.3,1.13,1978,430.87,4.66,2,33,30.5,2.5,0.5,0.0414,0.021,51.72,40.8,585.3333333333334,123.66666666666669,-0.00138666666666666,5.507570547286127,1.5275252316519496,2.2546248764114464e-4,0.79,2.5
2021-06-07,CAP,0,26.2,39.2,3.16,350.2,53.69,3.07,NA,NA,NA,NA,0.575,0.0053,0.004,79.25,14.9,121.66666666666669,6.116666666666667,0.00506333333333333,7.023769168568487,0.822759584163766,2.0599352740640505e-4,1.392,32.1
2021-06-16,CAP,0,25.8,74.3,6.04,372.8,59.7,2.62,NA,NA,NA,NA,0.325,0.0112,0.01,87.5,36.3,11.933333333333334,2.5900000000000003,0.00525666666666666,1.6623276853055573,0.430929228528305,1.4011899704655835e-4,1.392,81
2021-07-01,CAP,0,28.1,70.4,5.5,102.2,7.16,1.54,NA,NA,NA,NA,0.875,0.0065,0.005,72.31,14.3,NA,NA,NA,NA,NA,NA,NA,8.7
2021-07-08,CAP,0,23.5,4.3,0.36,112.7,NA,NA,NA,NA,NA,NA,0.575,NA,NA,NA,NA,NA,NA,NA,NA,NA,NA,NA,0.8
2021-07-16,CAP,0,23.3,26.4,2.25,105.4,8.58,1.48,NA,NA,NA,NA,1.05,0.0044,0.003,65.22,10,148.33333333333331,1.5233333333333332,0.02183333333333333,11.93035344544885,0.14224392195567917,5.033222956847179e-4,1.392,0.8
2021-07-29,CAP,0,27.3,36.5,2.92,108.7,NA,NA,NA,NA,NA,NA,0.5,0.0114,0.008,68.42,14.8,NA,NA,NA,NA,NA,NA,NA,0.7
2021-08-04,CAP,0,25.1,21.9,1.81,126.8,8.17,1.88,NA,NA,NA,NA,0.515,0.007,0.005,77.14,6.6,272.6666666666667,38.63333333333333,0.00151333333333333,27.319101986217134,4.697162263892248,4.0377386410382393e-4,1.392,1.1
2022-01-13,CAP,0,2.6,39.1,5.1,173.1,17.33,2.96,1.5,14,12.5,1.5,0.3,0.0102,0.01,97.83,125.1,228.66666666666669,3.4766666666666666,0.00372333333333333,6.506407098647708,0.7950052410728705,5.507570547286093e-5,1.392,4.8
2022-01-27,CAP,0,1.3,10.4,1.46,224.3,35.52,2.59,8.5,23.5,21,2.5,0.5,0.021,0.019,90.48,288.4,393.3333333333333,38.73333333333333,-0.00221333333333333,10.016652800877813,0.5507570547286119,4.0501028793517497e-4,1.392,2.2
2022-02-09,CAP,0,0.9,18.1,2.57,619,136.75,3.91,0,33.5,29,4.5,0.25,0.0321,0.027,84.62,389.8,383.33333333333337,81.73333333333333,-0.00144333333333333,1.1547005383792484,1.1150485789118476,1.9857828011475312e-4,1.392,8.5
2021-06-09,DCSW1,0,26.9,154.2,12.31,213,41.9,4.61,NA,NA,NA,NA,1.75,0.0015,0.001,80,2.3,-2.013333333333333,0.5583333333333333,0.01443333333333333,1.132004122489549,0.07081195755896974,6.506407098647712e-4,1.9160000000000001,22
2021-06-21,DCSW1,0,22.6,45.2,3.9,370.1,24.08,3.22,NA,NA,NA,NA,1.6,0.0017,0.001,64.71,2.4,2.056666666666666,2.723333333333333,0.0243,1.1146449359923247,0.20502032419575708,2.645751311064596e-4,1.9160000000000001,0.8
2021-07-01,DCSW1,0,24.3,50.4,4.22,257.4,28.72,4.86,NA,NA,NA,NA,1.125,0.0046,0.003,65.22,18.1,NA,NA,NA,NA,NA,NA,NA,0.8
2021-07-09,DCSW1,0,23.2,16.5,1.4,354,NA,NA,NA,NA,NA,NA,0.775,NA,NA,NA,NA,NA,NA,NA,NA,NA,NA,NA,0.2
2021-07-19,DCSW1,0,24.5,43.4,3.62,285.3,19.06,3.05,NA,NA,NA,NA,1.45,0.003,0.003,86.67,5.9,92.16666666666669,1.8866666666666667,0.01139999999999999,0.05773502691896398,0.11503622617824928,2.0000000000000017e-4,1.9160000000000001,11.7
2021-07-29,DCSW1,0,25.4,21.9,1.79,407.3,NA,NA,NA,NA,NA,NA,1.39,0.0036,0.003,75,13.4,NA,NA,NA,NA,NA,NA,NA,0.7
2021-08-04,DCSW1,0,25.4,71.2,5.84,269.1,18.7,3.07,NA,NA,NA,NA,0.79,0.0059,0.005,84.44,15.3,27.26666666666667,3.1666666666666665,0.00643,3.65011415346607,0.385010822358714,7.700000000000001e-4,1.9160000000000001,25.6
2022-01-13,DCSW1,0,2.4,99.1,15.66,514,41.63,12.66,0.5,22,20,2,1.15,0.0026,0.001,38.46,5.7,51.96666666666666,1.67,0.0222,0.907377172587748,0.05196152422706631,1.7320508075688738e-4,1.9160000000000001,69.5
2022-01-27,DCSW1,0,1.8,76.3,10.3,493,47.03,12.89,8,31.5,27.5,4,1.8,0.0016,0.002,93.75,9.5,195.66666666666663,0.3693333333333333,0.02013333333333333,2.3094010767584967,0.01616580753730951,1.1547005383792428e-4,1.9160000000000001,42.6
2022-02-09,DCSW1,0,1.9,15.6,2.14,611,47.51,12.93,1.15,37,34,3,2,0.001,0,40,3.2,329.3333333333333,1.1133333333333335,0.01576666666666666,2.081665999466153,0.02516611478423591,1.5275252316519422e-4,1.9160000000000001,9.8
2021-06-09,DCSW2,0,27.3,201.6,16.09,376.2,75.75,14.35,NA,NA,NA,NA,1.4,0.0029,0.002,68.97,10.9,-1.9233333333333331,0.7893333333333333,0.018,0.6087144924620519,0.04261846235299128,0.00202977831301844,1.692,11.5
2021-06-21,DCSW2,0,22.3,20.3,1.76,416.7,44.39,7.31,NA,NA,NA,NA,0.625,0.0096,0.007,70.69,21.2,107.06666666666666,10.02,0.09013333333333332,11.454838861081084,2.8423229936092764,0.01212325588830547,1.692,0.1
2021-07-01,DCSW2,0,24.6,78.1,6.5,414.2,27.48,5.05,NA,NA,NA,NA,0.825,0.0068,0.004,54,NA,NA,NA,NA,NA,NA,NA,NA,0.5
2021-07-09,DCSW2,0,22.8,56.2,4.82,557,NA,NA,NA,NA,NA,NA,0.525,NA,NA,NA,NA,NA,NA,NA,NA,NA,NA,NA,2.3
2021-07-19,DCSW2,0,24.6,114.3,9.51,304.4,34.83,6.56,NA,NA,NA,NA,0.715,0.0071,0.006,78.87,44.7,10.313333333333333,3.3033333333333337,0.01676666666666667,3.615872416628293,0.8713399642695918,7.023769168568505e-4,1.692,1.5
2021-07-29,DCSW2,0,24.6,35.4,2.94,406.8,NA,NA,NA,NA,NA,NA,0.765,0.0166,0.01,57.36,71.1,NA,NA,NA,NA,NA,NA,NA,13.8
2021-08-04,DCSW2,0,24.1,97.8,8.17,481.4,41.49,8.47,NA,NA,NA,NA,0.775,0.01,0.008,79,65.1,60.86666666666667,16.283333333333335,0.01266666666666666,15.547454239628216,17.583396524373022,3.5118845842842527e-4,1.692,43.9
2022-01-13,DCSW2,0,1.8,108.7,15.2,615,48.73,14.62,1.6,19,17,3,1.25,0.005,0.004,88,33.1,43.7,8.953333333333335,0.03486666666666667,0.8185352771872442,0.3400490160746439,0.00118462370959445,1.692,51.9
2022-01-27,DCSW2,0,1.6,76.3,10.02,586,52.59,14.11,8,27,24,3,1.2,0.0106,0.01,94.34,132.7,162,14.733333333333334,0.02896666666666667,4.000000000000003,1.154700538379252,8.082903768654765e-4,1.692,37.5
2022-02-09,DCSW2,0,0.6,25.4,3.64,697,54.97,14.31,2,37,32,5,1.2,0.0025,0.002,80,10.3,344.6666666666667,26.366666666666667,0.02473333333333333,10.2143689640297,0.8082903768654761,9.07377172587746e-4,1.692,11.7
2021-06-09,DCSW3,0,28.7,148.7,11.5,400,81.88,13.59,NA,NA,NA,NA,1.56,0.0013,0.001,84.62,2,-0.82,0.5066666666666666,0.01113333333333333,1.1758214150116504,0.12314354767235404,4.0414518843273823e-4,2.1,95.5
2021-06-21,DCSW3,0,22.2,22.5,1.96,239.8,52.33,8.23,NA,NA,NA,NA,0.8,0.0051,0.004,70.73,13.4,63.73333333333333,18.833333333333332,0.01093333333333333,0.152752523165191,1.35030860670194,5.507570547286102e-4,2.1,1.2
2021-07-01,DCSW3,0,24.9,26.8,2.22,388,14.96,2.26,NA,NA,NA,NA,1.775,0.0026,0.002,57.69,3.6,NA,NA,NA,NA,NA,NA,NA,0.9
2021-07-09,DCSW3,0,23.8,13.9,1.17,578,NA,NA,NA,NA,NA,NA,1.05,NA,NA,NA,NA,NA,NA,NA,NA,NA,NA,NA,0.5
2021-07-19,DCSW3,0,24.7,57.1,4.74,180.4,36.48,5.98,NA,NA,NA,NA,1.4,0.0039,0.003,79.49,11.7,31.733333333333334,1.893333333333333,0.00953333333333333,1.553490693030806,0.17214335111567144,1.537313674346695e-4,2.1,0.9
2021-07-29,DCSW3,0,25.7,73.9,6.03,86.9,NA,NA,NA,NA,NA,NA,0.785,0.0153,0.011,71.74,11.3,NA,NA,NA,NA,NA,NA,NA,1.2
2021-08-04,DCSW3,0,24.2,55.2,4.62,419.7,42.71,6.52,NA,NA,NA,NA,1.35,0.0057,0.005,89.47,17.5,80.86666666666666,3.1066666666666665,0.00645,6.19784908926745,0.4631774318048467,3.0805843601498697e-4,2.1,2.4
2022-01-13,DCSW3,0,1.9,86.2,11.98,182.7,7.76,5.91,1.3,20,17,3,1.1,0.0047,0.004,85.11,36.3,14.166666666666668,0.7320000000000001,0.0225,3.0730007050655437,0.09462029380634998,7.000000000000005e-4,2.1,72.7
2022-01-27,DCSW3,0,0.7,92.1,13.02,186.4,9.4,5.77,8.9,28.5,25.5,3,1.15,0.0029,0.002,51.72,18.8,50.666666666666664,1.66,0.02053333333333333,1.8009256878986797,0.08544003745317534,2.3094010767585045e-4,2.1,53.6
2022-02-09,DCSW3,0,1.4,43.6,6.07,253.4,14.18,5.83,0.4,35,30.5,4.5,1.4,0.0041,0.002,46.34,22.8,95.4,1.4933333333333334,0.0143,2.551470164434618,0.10692676621563632,1.0000000000000009e-4,2.1,35.6
2021-06-07,DOBA4,0,25.8,90.9,7.39,288,53.71,2.53,NA,NA,NA,NA,0.125,0.0205,0.014,68.29,44.3,6.206666666666667,0.6753333333333333,0.00810666666666666,1.0653324989567028,0.0727071752534324,6.658328118479424e-5,1.64,3.8
2021-06-16,DOBA4,0,24,87.8,7.38,305.1,61.42,2.6,NA,NA,NA,NA,0.35,0.0211,0.015,71.79,55.8,32.199999999999996,1.4966666666666666,0.00781,5.273518749374084,0.5445487428443238,8.838551917593743e-4,1.64,39.3
2021-07-01,DOBA4,0,25.2,101,8.3,91.2,10.71,1.4,NA,NA,NA,NA,0.375,0.0161,0.012,72.41,40.2,NA,NA,NA,NA,NA,NA,NA,2.2
2021-07-09,DOBA4,0,24.2,111.3,9.37,95.5,NA,NA,NA,NA,NA,NA,0.35,NA,NA,NA,NA,NA,NA,NA,NA,NA,NA,NA,52.5
2021-07-16,DOBA4,0,24.3,103.9,8.69,86.1,8.12,1.69,NA,NA,NA,NA,0.325,0.0257,0.02,77.78,102,3.585,0.3496666666666667,0.01136666666666666,3.0969460763791155,0.04724757489367399,0.00160416125540212,1.64,1.5
2021-07-29,DOBA4,0,25.7,73.9,6.03,86.5,NA,NA,NA,NA,NA,NA,0.28,0.075,0.056,74.67,137.3,NA,NA,NA,NA,NA,NA,NA,1.2
2021-08-04,DOBA4,0,23.5,81.8,6.97,92.8,8.82,1.85,NA,NA,NA,NA,0.29,0.03,0.026,88.1,70.1,134.33333333333334,0.07816666666666666,0.00484999999999999,36.08785575970583,0.06085000684743866,7.023531875061149e-4,1.64,1.4
2022-01-13,DOBA4,0,2.2,104.2,14.28,149.1,20.49,2.3,1.27,19,16,3,0.3,0.01,0.008,80,40.5,21.666666666666668,3.25,0.01326666666666666,3.4312291286554055,0.19974984355438183,1.1547005383792428e-4,1.64,26.5
2022-01-27,DOBA4,0,1.4,71.9,9.8,150,23.75,2.15,9,27.5,23,4.5,0.4,0.0294,0.028,95.74,753.2,233.66666666666663,3.89,0.00722,16.502525059315424,0.8221313763626832,4.821825380496472e-4,1.64,6.5
2022-02-09,DOBA4,0,1,55.6,7.95,205.1,27.71,1.78,1.75,33.5,31.5,2,0.12,0.07,0.056,80,1632.8,162,7.81,8.25e-4,0,0.3174901573277507,4.861697234505661e-4,1.64,3.2
2021-06-07,DOBA5,0,27.9,99,7.78,377.3,74.04,3.46,NA,NA,NA,NA,0.625,0.0087,0.006,71.43,28.2,28.633333333333333,2.3133333333333335,0.00962333333333333,2.371356854910988,0.550847831377535,1.8475208614068055e-4,2.08,0.5
2021-06-16,DOBA5,0,23.9,79.2,6.68,355.1,71.95,3.74,NA,NA,NA,NA,0.335,0.0047,0.004,89.36,7.5,3.9333333333333336,15.366666666666667,0.00860333333333333,0.41235098318463287,1.504437879519567,1.6502525059315364e-4,2.08,0.8
2021-07-01,DOBA5,0,27.2,105.3,8.37,121.07,15.99,1.6,NA,NA,NA,NA,1.05,0.0114,0.009,83.54,63.7,NA,NA,NA,NA,NA,NA,NA,0.4
2021-07-08,DOBA5,0,24,56.8,4.78,130.6,NA,NA,NA,NA,NA,NA,1.025,NA,NA,NA,NA,NA,NA,NA,NA,NA,NA,NA,26.4
2021-07-16,DOBA5,0,25.8,140.2,11.42,122,12.72,1.65,NA,NA,NA,NA,0.575,0.0258,0.023,90.7,161.2,10.43,15.5,0.01366666666666666,8.855038113977828,2.6999999999999997,7.505553499465136e-4,2.08,0.8
2021-07-29,DOBA5,0,27.8,131.2,10.44,673,NA,NA,NA,NA,NA,NA,0.275,0.0388,0.032,82.54,304.8,NA,NA,NA,NA,NA,NA,NA,2.2
2021-08-04,DOBA5,0,23.8,131.4,11.06,162.6,13.9,1.62,NA,NA,NA,NA,0.24,0.0679,0.063,92.88,378.7,3.67,32,0.00988333333333333,0,8.448076704197234,1.985782801147524e-4,2.08,1.3
2022-01-13,DOBA5,0,3.3,54.2,7.18,162.3,20.04,2.29,1.5,14,12,2,0.4,0.019,0.017,90.91,243.8,0.657,4.96,0.0209,2.149803944549362,0.7988116173416608,4.3588989435406744e-4,2.08,4.1
2022-01-27,DOBA5,0,2,5.4,0.73,161.4,22.22,2.05,8.1,21,16,5,0.7,0.0175,0.016,89.58,218.7,310.33333333333337,60.53333333333333,-0.00211,4.041451884327371,5.815783122962316,2.981610303175115e-4,2.08,0.6
2022-02-09,DOBA5,0,1.3,18.3,2.58,201.5,23.11,1.75,1.25,28,24,4,0.3,0.0203,0.018,90.16,265.7,227,11.333333333333334,-0.00175,22.715633383201087,0.2516611478423585,6.67757440991862e-4,2.08,1.7
2021-06-02,DOBA7,0,25.9,131.5,10.77,563,120.37,6.69,NA,NA,NA,NA,0.35,0.0049,0.003,61.11,12.9,-1.06,0.5583333333333333,0.0117,0.04000000000000004,0.05650073745831406,7.810249675906652e-4,1.716,5.2
2021-06-14,DOBA7,0,25,79,6.52,625,142.71,7.49,NA,NA,NA,NA,0.35,0.0255,0.016,62.5,86.5,9.546666666666669,1.3533333333333335,0.00727333333333333,1.9273124638556496,0.33560889936551636,5.807179464536404e-4,1.716,25.2
2021-06-29,DOBA7,0,24,59.4,5,195.5,34.51,3.69,NA,NA,NA,NA,0.4,0.0296,0.013,44.16,92,NA,NA,NA,NA,NA,NA,NA,50.5
2021-07-07,DOBA7,0,26,58.8,4.7,215.9,NA,NA,NA,NA,NA,NA,0.375,NA,NA,NA,NA,NA,NA,NA,NA,NA,NA,NA,3.3
2021-07-12,DOBA7,0,24,104.8,8.83,230,40.72,4.15,NA,NA,NA,NA,0.29,0.0316,0.019,59.15,88.8,1.856666666666667,0.4606666666666666,0.00844,0.6123180001709352,0.02510644007686738,2.007485989988474e-4,1.716,1.1
2021-07-27,DOBA7,0,24.9,57.1,4.71,215.7,NA,NA,NA,NA,NA,NA,0.265,0.0369,0.021,55.56,113.2,NA,NA,NA,NA,NA,NA,NA,50
2021-08-03,DOBA7,0,23.9,101.4,8.55,208.1,39.18,3.95,NA,NA,NA,NA,0.255,0.035,0.024,68.57,110.6,-2.933333333333333,0.611,0.00959333333333333,0.6350065616458884,0.08300000000000005,5.773502691896118e-6,1.716,60.8
2022-01-14,DOBA7,0,1.1,119.9,16.91,863,202.35,5.5,0,25,20,5,0.45,0.0066,0.006,87.1,47,-1.5226666666666666,5.003333333333334,0.04383333333333333,2.065333225737032,1.470045350774368,3.2145502536643097e-4,1.716,30.1
2022-01-31,DOBA7,0,0.6,76,10.87,1136,295.189,7.15,6,39,33,6,0.75,0.0082,0.008,92.68,63.1,70.06666666666668,66.73333333333333,0.0634,6.554642120919595,2.5026652459594616,3.605551275463985e-4,1.716,3.5
2022-02-11,DOBA7,0,0.5,53.8,7.59,1504,370.68,7.34,0.1,43,38,5,0.25,0.005,0.004,76,18.8,177,127.33333333333331,0.05996666666666667,0.9999999999999972,6.429100507328636,1.527525231651917e-4,1.716,8.9
2021-06-10,DOBA8,0,28.8,58.8,4.57,271.1,49.86,2.74,NA,NA,NA,NA,1.175,0.0035,0.002,60,7.6,70.9,1.3233333333333333,0.00664,7.402026749478824,0.251064400768674,2.8478061731796264e-4,2.033333333333333,4.7
2021-06-17,DOBA8,0,25.3,70,5.74,275.9,51.11,2.84,NA,NA,NA,NA,0.94,0.0038,0.006,2.52,17,47.6,1.83,0.00598333333333333,3.7986839826445182,0.39949968710876355,4.244211744639201e-4,2.033333333333333,2.5
2021-06-30,DOBA8,0,25.6,102.8,8.42,109,10.22,1.71,NA,NA,NA,NA,0.75,0.0088,0.007,83.02,17.8,NA,NA,NA,NA,NA,NA,NA,0.8
2021-07-08,DOBA8,0,24.4,18.4,1.54,103.5,NA,NA,NA,NA,NA,NA,0.575,NA,NA,NA,NA,NA,NA,NA,NA,NA,NA,NA,0.3
2021-07-20,DOBA8,0,25.7,69.5,5.67,101.2,8.04,1.39,NA,NA,NA,NA,0.55,0.0108,0.008,77.78,28.8,12.733333333333334,1.1876666666666666,0.00684333333333333,1.6258331197676266,0.3917860810867754,0.00101932984520876,2.033333333333333,0.7
2021-07-26,DOBA8,0,26.6,80.2,6.4,106.7,NA,NA,NA,NA,NA,NA,0.575,0.0112,0.01,89.29,40.6,NA,NA,NA,NA,NA,NA,NA,1.9
2021-08-05,DOBA8,0,25.1,111.4,9.19,95,6.27,1.83,NA,NA,NA,NA,0.49,0.0143,0.013,89.47,44,-0.8246666666666667,1.3233333333333333,0.00621,0.5395195393434173,0.1850225211517055,1.4933184523068077e-4,2.033333333333333,1.9
2022-01-14,DOBA8,0,2.5,63.4,8.31,249.1,14.64,3.83,3,18,14,4,0.95,0.0019,0.002,93.33,7,92.33333333333331,1.2443333333333333,0.03133333333333334,6.823733093647004,0.47329307340519294,0.00151767365837762,2.033333333333333,4.1
2022-01-30,DOBA8,0,2.4,6.4,0.83,262.2,22.71,5.14,11,23,20,3,1.25,0.0026,0.002,92.31,8,323.66666666666663,2.65,0.0153,3.511884584284224,0.3601388621073821,2.645751311064596e-4,2.033333333333333,0.6
2022-02-10,DOBA8,0,1.5,19.6,2.63,326,24.71,4.9,6.5,28.5,23.5,5,1.2,0.0032,0.003,86.96,6.4,344,16.2,-0.00161299999999999,1.9999999999999944,0.26457513110646036,7.13622449198454e-4,2.033333333333333,2.4
2021-06-08,ELV,0,27.1,106.3,8.43,5.9,127.73,5.27,NA,NA,NA,NA,0.675,0.0074,0.005,68.57,20.1,5.43,0.30333333333333334,0.00886666666666666,1.3323287882501076,0.12508530422608938,3.51188458428424e-5,2.97,0.7
2021-06-17,ELV,0,24.6,100.8,8.38,575,130.68,5.27,NA,NA,NA,NA,0.475,0.012,0.008,68.33,61.7,3.3333333333333335,0.3976666666666666,0.00762,1.7367882235129684,0.042442117446392,1.7000000000000045e-4,2.97,0.9
2021-06-30,ELV,0,25.9,56.5,4.59,258,48.42,2.54,NA,NA,NA,NA,0.7,0.0092,0.005,50,20.3,NA,NA,NA,NA,NA,NA,NA,0.3
2021-07-08,ELV,0,23.4,15.3,1.28,254.1,NA,NA,NA,NA,NA,NA,0.55,NA,NA,NA,NA,NA,NA,NA,NA,NA,NA,NA,0.2
2021-07-20,ELV,0,25.7,97.7,7.97,222.5,36.68,2.21,NA,NA,NA,NA,0.7,0.0082,0.006,78.05,23.8,-0.09700000000000002,2.3633333333333333,0.01043333333333333,0.5117685023523819,0.4100406483915143,2.8867513459481355e-4,2.97,0.4
2021-07-26,ELV,0,26.5,88.9,7.14,225.9,NA,NA,NA,NA,NA,NA,0.775,0.0067,0.005,69.05,28.4,NA,NA,NA,NA,NA,NA,NA,0.6
2021-08-03,ELV,0,24.1,62.1,5.2,211.4,36.25,1.57,NA,NA,NA,NA,0.64,0.0104,0.008,79.49,37.7,86.93333333333334,2.0066666666666664,0.00636333333333333,10.650039123558813,0.16502525059315418,6.55006361292265e-4,2.97,0.8
2022-01-14,ELV,0,0.4,99,14.1,196.4,27.29,3.95,1.5,21,14,7,0.45,0.0044,0.004,86.36,44,12.466666666666669,1.9,0.03019999999999999,0.650640709864771,0.2100000000000001,2.999999999999994e-4,2.97,39.6
2022-01-30,ELV,0,0.5,65.2,9.1,186,27.57,3.25,8,31,25.5,5.5,0.35,0.0112,0.009,78.57,257.4,62.3,5.666666666666666,0.02633333333333333,3.726929030716845,0.7516204716034106,4.041451884327378e-4,2.97,21.3
2022-02-10,ELV,0,0.4,103.3,14.89,218.8,26.38,3.49,4,36.4,32.6,3.8,0.4,0.0068,0.005,71.43,89.9,12.766666666666666,41.6,0.0253,1.35030860670194,8.299999999999999,9.999999999999925e-5,2.97,27.9
2021-06-10,HP-UW,0,27.1,161.8,12.08,1537,272.9,36.59,NA,NA,NA,NA,0.35,0.0184,0.009,47.78,29,70.93333333333332,2.1399999999999997,0.03476666666666667,8.75233302230516,0.37322915213043056,0.00292631736715848,1.9825,10.3
2021-06-18,HP-UW,0,23.4,89.5,7.65,386.1,67.36,9.86,NA,NA,NA,NA,0.45,0.0158,0.005,33.68,11.1,28.5,0.6859999999999999,0.05113333333333333,0.17320508075688804,0.091804139340228,0.00315647482697602,1.9825,17.1
2021-06-29,HP-UW,0,23.2,71.7,6.13,445.2,62.5,8.52,NA,NA,NA,NA,0.675,0.007,0.003,42.86,8.3,NA,NA,NA,NA,NA,NA,NA,46
2021-07-07,HP-UW,0,25.2,96.7,7.96,999,NA,NA,NA,NA,NA,NA,0.61,NA,NA,NA,NA,NA,NA,NA,NA,NA,NA,NA,119.6
2021-07-21,HP-UW,0,24.2,138.8,11.64,1168,210.63,28.75,NA,NA,NA,NA,0.975,0.008,0.004,47.5,14.6,48.266666666666666,2.0933333333333333,0.04766666666666666,3.102149792213996,0.31214312956291906,9.865765724632507e-4,1.9825,65.9
2021-07-26,HP-UW,0,25.8,115.6,9.42,1276,210.63,28.75,NA,NA,NA,NA,0.735,0.0116,0.005,39.77,12.1,NA,NA,NA,NA,NA,NA,NA,22.6
2021-08-05,HP-UW,0,24.1,116.9,9.81,1244,217.02,28.74,NA,NA,NA,NA,0.75,0.0068,0.003,44.12,6.2,85.86666666666666,1.99,0.04076666666666666,5.950070027599113,0.35791060336346575,0.00377403409276245,1.9825,92.6
2022-01-12,HP-UW,0,3.4,98.7,13.04,1606,364.4,41.44,0,7.5,7.25,0.25,1.5,0.0031,0.002,54.84,1.9,102.8,3.1999999999999997,0.08336666666666667,14.3429425153976,0.7623647421018369,0.01366174708202919,1.9825,101
2022-01-31,HP-UW,0,2.5,108.2,14.66,1915,342.84,41.27,6,22,21.5,0.5,1.45,0.0022,0.001,40.91,5.3,138,2.9133333333333336,0.07563333333333333,1.9999999999999944,0.120968315410827,6.506407098647737e-4,1.9825,110.2
2022-02-09,HP-UW,0,2.7,125.9,16.81,1823,321.97,39.95,0.15,24,24,0,1.5,0.0019,0.001,73.33,7,120,3.4533333333333336,0.07613333333333333,2.6457513110645956,0.6900241541666013,0.00266333124739175,1.9825,143.7
2021-06-11,KP,0,23.8,9.2,0.78,178.3,21.47,1.22,NA,NA,NA,NA,0.35,0.0183,0.015,81.25,48.8,642,57.4,0.00276,72.02777242147647,15.018987981884797,0.00123219316667477,1.14,0.6
2021-06-22,KP,0,20.9,26.2,2.34,178.4,20.77,0.87,NA,NA,NA,NA,0.29,0.0557,0.046,83.33,136.8,592.3333333333334,64.96666666666667,0.00282333333333333,94.94384305121284,14.4368740845563,0.00138276293461075,1.14,0.6
2021-07-02,KP,0,21.7,33.4,2.9,171.4,16.68,0.82,NA,NA,NA,NA,0.35,0.0297,0.022,75.51,74.3,NA,NA,NA,NA,NA,NA,NA,0.8
2021-07-07,KP,0,24.5,45.7,3.82,169.7,NA,NA,NA,NA,NA,NA,0.265,NA,NA,NA,NA,NA,NA,NA,NA,NA,NA,NA,0.9
2021-07-14,KP,0,22.9,69.3,5.99,170,16.95,0.98,NA,NA,NA,NA,0.35,0.0819,0.073,89.31,269.8,431.6666666666667,66.66666666666667,0.00561,108.48655830716234,10.206043960973972,0.00179424078651668,1.14,1.3
2021-07-27,KP,0,23.1,22.5,1.92,176.1,NA,NA,NA,NA,NA,NA,0.43,0.0333,0.025,74,63.3,NA,NA,NA,NA,NA,NA,NA,0.9
2021-08-03,KP,0,24.2,67.7,5.68,191.7,17.43,0.96,NA,NA,NA,NA,0.35,0.0436,0.022,50,35.3,580.3333333333333,96.23333333333332,0.00103166666666666,14.502873278538088,5.75007246331151,1.7750586844759054e-4,1.14,2
2022-01-14,KP,0,0.3,33.6,4.67,277.2,29.72,1.11,2,20,15,5,0.1,0.0757,0.027,35.85,246.5,1426.6666666666667,340.3333333333333,-5.783333333333333e-4,11.547005383792548,13.613718571108103,3.7658243896036007e-4,1.14,6.7
2022-01-30,KP,0,0.2,7.2,0.92,404.4,43.66,0.94,0,32,27,5,0.15,0.125,0.05,40,495.7,2660,737.3333333333334,-0.00232666666666666,26.457513110645976,22.300971578237004,4.623130252689549e-4,1.14,0.2
2022-02-10,KP,0,0.4,37.4,4.53,575,50.08,1.05,6.5,36,29,7,0.1,0.2406,0.081,33.77,268.8,3103.3333333333335,994.6666666666669,-0.00287,11.547005383792548,32.86842456421262,8.261355820929154e-4,1.14,5.1
2021-06-11,L60-UW,0,32.4,151,11.1,1295,295.84,1.91,NA,NA,NA,NA,0.9,0.0057,0.003,56.1,6.3,20.96666666666667,19,0.00403,8.750047618918044,4.8,7.3e-4,1.17,1.8
2021-06-18,L60-UW,0,22.7,63,5.44,226.4,39.75,5.25,NA,NA,NA,NA,0.8,0.0049,0.002,48.98,1.8,52.66666666666667,0.8069999999999999,0.05173333333333333,6.153318887668125,0.24039342753078757,0.00782133833389998,1.17,0.1
2021-07-02,L60-UW,0,23.1,10.8,0.94,453.4,84.17,1.88,NA,NA,NA,NA,0.65,0.0072,0.006,77.78,8.2,NA,NA,NA,NA,NA,NA,NA,0.7
2021-07-07,L60-UW,0,24.8,28.2,1.68,392.7,NA,NA,NA,NA,NA,NA,0.275,NA,NA,NA,NA,NA,NA,NA,NA,NA,NA,NA,0.6
2021-07-13,L60-UW,0,23,54.1,4.64,461.7,83.44,1.42,NA,NA,NA,NA,0.45,0.0187,0.015,80.36,223.3,233,74.39999999999999,4.919666666666667e-4,58.50640990524031,26.02825387919827,5.639992937347824e-4,1.17,1.2
2021-07-26,L60-UW,0,23.5,35.2,3.02,448.3,NA,NA,NA,NA,NA,NA,0.19,0.01,0.008,80,45,NA,NA,NA,NA,NA,NA,NA,0.7
2021-08-05,L60-UW,0,20.5,2.3,0.21,544,94.74,1.74,NA,NA,NA,NA,0.35,0.021,0.015,69.05,52.2,580.6666666666666,252.33333333333337,6.723333333333335e-4,74.19119444606166,45.39089482851527,0.00329091117068409,1.17,0.9
2022-01-13,L60-UW,0,1.4,40.5,5.7,424.3,65.73,5.32,0.15,20,17.5,2.5,0.9,0.0048,0.003,57.89,16.7,386,16.033333333333335,0.01056666666666666,3.6055512754639865,0.8504900548115378,5.77350269189631e-5,1.17,11.6
2022-01-31,L60-UW,0,0.5,15.6,2.22,457.3,93.96,4.49,7.5,27,21,6,0.25,0.018,0.011,59.09,46.2,584.3333333333333,52.03333333333334,-0.001116,8.621678104251705,1.4468356276140448,5.529810123322499e-4,1.17,8.6
2022-02-09,L60-UW,0,0.4,37.1,5.27,627,114.71,3.87,0.5,35,33.5,1.5,0.3,0.0314,0.023,74.55,155.3,586,78.96666666666667,-0.00126,5.000000000000013,2.9938826518975863,2.893095228297887e-4,1.17,23.1
2021-06-03,LM-ARB,0,22.3,79.6,6.92,831,176.26,6.19,NA,NA,NA,NA,0.325,0.0194,0.012,60.87,91.1,81.10000000000001,2.0433333333333334,0.01276666666666666,10.612728207204782,0.209841209807162,0.00168621864932556,0.6799999999999999,82.7
2021-06-15,LM-ARB,0,24.2,43,3.59,952,189.04,4.55,NA,NA,NA,NA,0.175,0.0537,0.025,47.06,133,144,1.96,0.0149,20.07485989988473,0.41036569057366373,5.291502622129181e-4,0.6799999999999999,35.4
2021-06-30,LM-ARB,0,27.2,94.2,7.48,325.4,55.9,2.98,NA,NA,NA,NA,0.275,0.0177,0.011,60.38,76,NA,NA,NA,NA,NA,NA,NA,86.1
2021-07-08,LM-ARB,0,22,11.7,1.02,311.6,NA,NA,NA,NA,NA,NA,0.525,NA,NA,NA,NA,NA,NA,NA,NA,NA,NA,NA,10.7
2021-07-13,LM-ARB,0,22.4,46.4,4.02,393.4,50.27,5.01,NA,NA,NA,NA,0.26,0.0337,0.017,51.49,157.2,112,1.100666666666667,0.00831,11.135528725660048,0.35888902648776166,2.9614185789921725e-4,0.6799999999999999,34.4
2021-07-30,LM-ARB,0,25.3,47.4,3.88,312,NA,NA,NA,NA,NA,NA,0.29,0.0188,0.014,72.37,163.4,NA,NA,NA,NA,NA,NA,NA,33.3
2021-08-02,LM-ARB,0,23.3,87.9,7.45,353,37.01,5.53,NA,NA,NA,NA,0.165,0.043,0.028,65.12,76.1,38.26666666666667,1.1186666666666665,0.00651333333333333,19.32364699877674,0.49891114773407624,6.264449962553244e-4,0.6799999999999999,47.5
2022-01-12,LM-ARB,0,1.4,60,7.94,802,109.63,16.32,0,24,16,8,0.45,0.0072,0.005,69.77,37.8,413.33333333333337,3.08,0.03436666666666666,122.31652927275748,2.040318602571667,0.00138684293751431,0.6799999999999999,34.2
2022-01-31,LM-ARB,0,0.3,31.6,4.54,907,138.65,20.38,0,42,22,20,0.6,0.0065,0.006,92.31,39.9,829.3333333333333,26.266666666666666,0.0097,8.504900548115373,0.4932882862316239,3.4828149534536003e-4,0.6799999999999999,25.3
2022-02-11,LM-ARB,0,0.7,38.4,4.69,1236,183.91,22.24,0,47,29,18,0.5,0.0109,0.005,45.45,18.8,312.33333333333337,8.98,0.02286666666666666,10.263202878893768,0.1452583904633398,3.214550253664316e-4,0.6799999999999999,21.2
2021-06-10,MDT,0,28.1,117.1,9.15,344.9,63.5,2.86,NA,NA,NA,NA,1.4,0.0025,0.002,88,9.2,-0.27730666666666665,0.9660000000000002,0.00697,0.2825401248200569,0.04503332099679085,2.022374841615668e-4,1.59,111.4
2021-06-17,MDT,0,25.5,156.5,12.82,363.9,70.13,2.51,NA,NA,NA,NA,0.6,0.0097,0.008,83.93,60.5,0.05499999999999999,0.8066666666666666,0.00739333333333333,1.3746181287906831,0.08808140174482536,3.569780572154724e-4,1.59,159.4
2021-06-30,MDT,0,25.1,108.8,8.98,135.4,15.47,1.83,NA,NA,NA,NA,0.725,0.0088,0.008,89.66,37.4,NA,NA,NA,NA,NA,NA,NA,0.9
2021-07-08,MDT,0,22.8,40.9,3.53,133.3,NA,NA,NA,NA,NA,NA,0.55,NA,NA,NA,NA,NA,NA,NA,NA,NA,NA,NA,16.2
2021-07-20,MDT,0,25.1,79.2,6.52,126.9,11.61,1.76,NA,NA,NA,NA,0.525,0.0108,0.01,90.7,36,0.3968333333333333,0.5396666666666667,0.00770333333333333,0.35944621758106365,0.03262412195497883,8.326663997864515e-5,1.59,2.3
2021-07-26,MDT,0,26.3,81.8,6.6,133.7,NA,NA,NA,NA,NA,NA,0.69,0.0084,0.007,81.82,25.4,NA,NA,NA,NA,NA,NA,NA,7.7
2021-08-05,MDT,0,25.1,93.2,7.69,108.8,9.45,2.1,NA,NA,NA,NA,0.4,0.0087,0.008,95.24,37.3,-2.576666666666666,0.7706666666666667,0.00768,0.7720319509795779,0.07349376390778567,1.5394804318340626e-4,1.59,44.2
2022-01-14,MDT,0,2.2,110.7,15.15,197,19.73,3.43,3,23,21,2,0.45,0.0117,0.011,91.18,132.4,4.739999999999999,0.4646666666666667,0.0182,2.0290145391297716,0.3096131995463587,2.645751311064577e-4,1.59,106.1
2022-01-30,MDT,0,1.1,69.2,9.72,218.7,28.31,3.66,8,31,25,6,0.45,0.0205,0.017,82.93,249.8,116.66666666666669,0.37166666666666665,0.01749999999999999,1.5275252316519423,0.04465795935030322,4.3588989435406744e-4,1.59,22.3
2022-02-10,MDT,0,0,87.6,12.6,293.6,37.7,4.09,4,34.5,30,4.5,0.4,0.0184,0.016,85.96,160,119.66666666666669,0.7450000000000001,0.01229999999999999,2.3094010767585043,0.17515992692394,3.4641016151377475e-4,1.59,73.5
2021-06-11,O-N,0,31.1,202.4,15.01,677,85.47,18.76,NA,NA,NA,NA,0.275,0.0332,0.014,41.84,69.6,17,0.319,0.01243333333333333,0.7937253933193785,0.03968626966596884,9.073771725877464e-4,1.14,6.1
2021-06-22,O-N,0,21.7,52.4,4.61,465.5,49.46,11.55,NA,NA,NA,NA,0.275,0.0254,0.009,33.61,36.1,68.83333333333333,0.469,0.02063333333333333,1.0263202878893736,0.2231793001154005,5.033222956847161e-4,1.14,46.1
2021-07-01,O-N,0,24.7,79.3,6.59,487.3,54.94,11.95,NA,NA,NA,NA,0.29,0.0343,0.012,35.19,53.1,NA,NA,NA,NA,NA,NA,NA,69.2
2021-07-07,O-N,0,27,82.8,6.6,488.9,NA,NA,NA,NA,NA,NA,NA,NA,NA,NA,NA,NA,NA,NA,NA,NA,NA,NA,40.5
2021-07-14,O-N,0,25.3,140.5,11.55,515,NA,NA,NA,NA,NA,NA,0.425,0.0222,0.013,59.02,35.2,6.8533333333333335,0.5413333333333333,0.02096666666666666,1.8339120298785696,0.02709858544893689,0.00160416125540212,1.14,23
2021-07-27,O-N,0,26,81.1,6.57,502,NA,NA,NA,NA,NA,NA,0.29,0.0418,0.019,46.41,46.2,NA,NA,NA,NA,NA,NA,NA,63.1
2021-08-03,O-N,0,27,144.3,11.51,471.1,54.43,12.46,NA,NA,NA,NA,0.5,0.0479,0.039,80.45,51,0.2363333333333333,1.4166666666666667,0.0113,0.508524663446458,0.19604421270043476,1.0000000000000009e-4,1.14,47.1
2022-01-14,O-N,0,0.4,120.5,17.11,594,52.07,15.93,0,19,14,5,0.55,0.0057,0.005,95,11.6,91.2,0.35200000000000004,0.17833333333333332,2.523885892824793,0.15420440979427277,0.00850490054811537,1.14,119.1
2022-01-30,O-N,0,2.3,140.8,19.31,595,63.02,19.1,0,37,33.5,3.5,0.55,0.0051,0.003,52.63,19.7,52.1,0.8376666666666668,0.216,2.400000000000001,0.3030022002120337,0.005,1.14,155.5
2022-02-10,O-N,0,2.1,140.4,19.53,704,56.25,17.31,3,33,27.5,5.5,0.5,0.0081,0.003,30.77,11.1,61.36666666666666,0.7956666666666666,0.22233333333333333,1.0016652800877817,0.07378572581016829,5.773502691896233e-4,1.14,135.7
2021-06-11,O-S,0,29.5,127.9,9.74,672,97.65,13.43,NA,NA,NA,NA,0.55,0.0162,0.006,39.73,17.7,22.033333333333335,0.6016666666666667,0.00708333333333333,1.2662279942148384,0.09900168348736972,9.451631252505208e-5,1.15,26.6
2021-06-22,O-S,0,23.3,61.9,5.25,494.1,62.53,10.15,NA,NA,NA,NA,0.35,0.0156,0.006,36.84,14.1,54.7,0.4613333333333333,0.00962666666666666,6.350590523722974,0.01724335620850339,8.326663997864581e-5,1.15,28.6
2021-07-01,O-S,0,24.2,52.1,4.36,463,55.93,8.9,NA,NA,NA,NA,0.45,0.0241,0.008,32.53,26.8,NA,NA,NA,NA,NA,NA,NA,34.7
2021-07-07,O-S,0,26.5,37.2,3.99,454.8,NA,NA,NA,NA,NA,NA,NA,NA,NA,NA,NA,NA,NA,NA,NA,NA,NA,NA,14.5
2021-07-14,O-S,0,24.2,77.6,6.51,450.4,63.43,10.49,NA,NA,NA,NA,0.625,0.0074,0.003,39.19,7.1,6.81,0.9203333333333332,0.00840333333333333,2.5919683640044684,0.1336650041459369,0.0012050034578097,1.15,24.3
2021-07-27,O-S,0,25.6,71,5.82,417,NA,NA,NA,NA,NA,NA,0.825,0.0132,0.006,43.12,28.2,NA,NA,NA,NA,NA,NA,NA,3.7
2021-08-03,O-S,0,25.6,122.5,9.93,434.8,52.19,10.09,NA,NA,NA,NA,0.565,0.0438,0.025,57.33,53.3,1.008,2.31,0.00711,0.570378821486212,0.098488578017961,2.8583211855912906e-4,1.15,36.4
2022-01-14,O-S,0,1.2,117.6,16.44,543,63.95,8.73,0,24,12,12,0.75,0.0024,0.002,70.83,3.4,69.3,1.5033333333333332,0.04043333333333333,0.5291502622129233,0.07371114795832,4.932882862316254e-4,1.15,92.4
2022-01-30,O-S,0,0.8,87.9,12.52,547,65.88,11.05,6.5,35,29,6,0.35,0.0134,0.003,22.34,14.7,167,0.4686666666666667,0.07323333333333333,4.58257569495584,0.10249552835774514,0.00234591844132172,1.15,58.2
2022-02-10,O-S,0,1,98.6,13.84,674,67.78,10.1,0,38,32.5,5.5,0.45,0.0108,0.002,20.37,5.8,194,1.1566666666666667,0.06396666666666666,8.185352771872452,0.03511884584284244,0.00118462370959445,1.15,82.3
2021-06-02,OPP-E,0,21.5,133,11.75,183,7.44,4.38,NA,NA,NA,NA,0.29,0.0446,0.012,25.98,21,-2.35,1.66,0.0118,1.06226173799116,0.22,4.3588989435406744e-4,1.6360000000000001,6
2021-06-14,OPP-E,0,27,139.3,11.09,194.6,8.29,3.9,NA,NA,NA,NA,0.35,0.0168,0.013,78.57,75.4,3.7266666666666666,0.9743333333333334,0.00658666666666666,0.35388321990924243,0.30401370583138737,3.2005207909547066e-4,1.6360000000000001,2.6
2021-06-29,OPP-E,0,24.3,72.8,6.09,181.8,11.3,7.1,NA,NA,NA,NA,0.285,0.0312,0.021,67.19,157.8,NA,NA,NA,NA,NA,NA,NA,0.8
2021-07-07,OPP-E,0,26.3,105.6,8.51,184.3,NA,NA,NA,NA,NA,NA,NA,NA,NA,NA,NA,NA,NA,NA,NA,NA,NA,NA,1.2
2021-07-12,OPP-E,0,23.3,97.3,8.3,193.4,10.95,5.1,NA,NA,NA,NA,0.275,0.0369,0.027,73.61,191.1,4.496666666666667,0.2926666666666667,0.00853333333333333,0.33306655991458106,0.02893671255228094,1.5275252316519998e-5,1.6360000000000001,2
2021-07-30,OPP-E,0,25.2,78.5,6.46,212,NA,NA,NA,NA,NA,NA,0.25,0.0416,0.032,76.62,215.2,NA,NA,NA,NA,NA,NA,NA,2
2021-08-03,OPP-E,0,23.6,128.3,10.84,208.9,11.95,4.48,NA,NA,NA,NA,0.215,0.0571,0.049,86.25,377.8,-1.4353333333333331,0.612,0.00704666666666666,0.9748052797011992,0.06581793068761733,1.9139836293274133e-4,1.6360000000000001,45.5
2022-01-12,OPP-E,0,2.1,64.6,8.95,194.8,8.26,4.47,2.5,20,7,13,0.1,0.0264,0.024,89.39,246.6,149,0.30000000000000004,0.02106666666666666,9.539392014169458,0.0677347768875044,3.055050463303888e-4,1.6360000000000001,10.1
2022-01-31,OPP-E,0,0.7,12.4,12.4,189,8.25,3.49,10,25,19,6,0.4,0.0407,0.038,93.44,601.6,341.99999999999994,0.36,0.01823333333333333,3.6055512754639945,0.10804165863221468,7.371114795831991e-4,1.6360000000000001,1.4
2022-02-11,OPP-E,0,0.9,42.8,5.84,225.1,9.52,2.41,6,28,24,4,0.33,0.0333,0.027,82.22,451.2,329,4.3933333333333335,0.00113266666666666,1.732050807568888,0.39119475115769786,2.346088944037146e-4,1.6360000000000001,4
2021-06-02,OPP-W,0,23.9,158.4,13.34,372,58.29,14.68,NA,NA,NA,NA,0.15,0.0197,0.013,66.13,71.3,-0.5846666666666667,1.55,0.01383333333333333,1.2008298519496148,0.4417012565071555,4.932882862316247e-4,2.6666666666666665,0.7
2021-06-14,OPP-W,0,25.9,158.7,12.85,389.7,65.18,5.29,NA,NA,NA,NA,0.275,0.0156,0.013,85.71,548.6,14.466666666666669,0.599,0.00656666666666666,6.250066666311114,0.11600000000000003,6.525590650150631e-4,2.6666666666666665,0.3
2021-06-29,OPP-W,0,24.2,21.3,1.79,131.3,10.47,1.96,NA,NA,NA,NA,0.375,0.0211,0.018,83.78,158.2,NA,NA,NA,NA,NA,NA,NA,0.1
2021-07-07,OPP-W,0,26.4,95.1,7.65,131.9,NA,NA,NA,NA,NA,NA,NA,NA,NA,NA,NA,NA,NA,NA,NA,NA,NA,NA,0.5
2021-07-12,OPP-W,0,23,103.2,8.85,132.8,8.95,1.11,NA,NA,NA,NA,0.26,0.0586,0.05,85.37,488.8,236.33333333333331,1.7413333333333334,0.0069,2.5166114784235907,0.6743777378690176,4.4508426168535784e-4,2.6666666666666665,0.3
2021-07-30,OPP-W,0,24.3,8.5,0.71,103.4,NA,NA,NA,NA,NA,NA,0.325,0.0321,0.028,86.67,359.5,NA,NA,NA,NA,NA,NA,NA,0.4
2021-08-03,OPP-W,0,22.6,25.7,2.29,116.5,6.25,1.55,NA,NA,NA,NA,0.295,0.0458,0.041,90.14,335.1,580.6666666666666,54.8,6.623333333333334e-4,57.87342510456184,12.850291825480072,7.593841803285959e-4,2.6666666666666665,0.5
2022-01-12,OPP-W,0,1.5,20.6,2.84,205,16.58,4.66,3,12,8,4,0.15,0.026,0.025,94.87,370,413.6666666666667,0.9903333333333332,0.12566666666666668,18.61003313627716,0.17300385352162925,0.00568624070307731,2.6666666666666665,2.2
2022-01-31,OPP-W,0,0.7,9.1,1.29,319.3,44.86,7.21,0,25,20,5,0.3,0.035,0.024,69.39,366,585.3333333333334,0.434,0.3146666666666667,6.658328118479435,0.07068238818828913,0.00378593889720017,2.6666666666666665,1.1
2022-02-11,OPP-W,0,0.5,15.7,2.11,394.4,46.68,5.82,4,29.5,23.5,6,0.33,0.04,0.029,72.5,466.8,630,33.666666666666664,-1.900000000000001e-4,32.96968304366909,2.6558112382722805,0.00186228354446899,2.6666666666666665,2.2
2021-06-03,UM-ARB,0,20.4,108,9.72,814,172.14,6.83,NA,NA,NA,NA,0.275,0.0325,0.02,62.31,127,103.2,4.846666666666667,0.01766666666666666,9.258509599282164,0.18770544300401448,0.00161967074843417,0.9575,92.5
2021-06-15,UM-ARB,0,25.8,115.8,9.46,954,187.96,5.8,NA,NA,NA,NA,0.135,0.0611,0.03,49.14,173.5,120,1.161,0.01586666666666666,8.999999999999995,0.3189247560162114,9.71253485622231e-4,0.9575,47.1
2021-06-30,UM-ARB,0,27.7,114.8,9.06,317.9,55.64,2.7,NA,NA,NA,NA,0.275,0.0317,0.023,71.58,108,NA,NA,NA,NA,NA,NA,NA,78.4
2021-07-08,UM-ARB,0,22,7.8,0.67,293.8,NA,NA,NA,NA,NA,NA,0.375,NA,NA,NA,NA,NA,NA,NA,NA,NA,NA,NA,5.6
2021-07-13,UM-ARB,0,23.3,103.4,8.82,393.1,53.51,5.08,NA,NA,NA,NA,0.29,0.0312,0.019,61.17,137.3,133.66666666666669,1.0076666666666667,0.01713333333333333,9.60902353693305,0.20718671128557775,5.686240703077328e-4,0.9575,80.6
2021-07-30,UM-ARB,0,25.4,50.3,4.11,291.1,NA,NA,NA,NA,NA,NA,0.305,0.0431,0.021,48.8,127.9,NA,NA,NA,NA,NA,NA,NA,18.3
2021-08-02,UM-ARB,0,24.7,129.1,10.77,347.1,40.08,6.73,NA,NA,NA,NA,0.26,0.0388,0.025,64.52,91.8,58.9,1.065,0.01386666666666666,14.964290828502367,0.7750941878249378,0.00115902257671424,0.9575,79.2
2022-01-12,UM-ARB,0,3.4,21,2.87,781,107.46,16.27,2.75,14,10,4,0.5,0.0098,0.007,71.43,21.9,876,94.63333333333334,0.12166666666666666,8.544003745317516,6.4531645983450145,0.01553490693030805,0.9575,4.6
2022-01-31,UM-ARB,0,0.6,13.5,1.9,881,132.63,19.7,3,25,16,9,0.5,0.0076,0.004,56.67,5.5,1060,150.66666666666666,0.00487666666666666,17.320508075688817,4.7258156262526105,0.00104509967626697,0.9575,4.9
2022-02-11,UM-ARB,0,0.8,20.2,2.41,1303,208.44,22.91,0,30,22,8,0.5,0.0066,0.003,51.52,15,1173.3333333333333,202.66666666666663,0.06033333333333333,5.773502691896273,8.386497083606075,0.00254230866208911,0.9575,19.6
